commit.hash;semantic.patch;phase1.success;phase2.success\n
0d4a6608f68c;alloc_cast.output;true;false
0d4a6608f68c;array_size.output;true;false
0d4a6608f68c;badty.output;true;false
0d4a6608f68c;badzero.output;true;false
0d4a6608f68c;boolconv.output;false;false
0d4a6608f68c;boolinit.output;true;false
0d4a6608f68c;boolreturn.output;true;false
0d4a6608f68c;bugon.output;true;false
0d4a6608f68c;call_kern.output;true;false
0d4a6608f68c;clk_put.output;false;false
0d4a6608f68c;cond_no_effect.output;false;false
0d4a6608f68c;cstptr.output;false;false
0d4a6608f68c;d_find_alias.output;true;false
0d4a6608f68c;debugfs_simple_attr.output;true;false
0d4a6608f68c;deref_null.output;false;false
0d4a6608f68c;device_node_continue.output;true;false
0d4a6608f68c;devm_free.output;false;false
0d4a6608f68c;double_lock.output;false;false
0d4a6608f68c;doublebitand.output;false;false
0d4a6608f68c;doubleinit.output;false;false
0d4a6608f68c;doubletest.output;false;false
0d4a6608f68c;drm-get-put.output;true;false
0d4a6608f68c;eno.output;true;false
0d4a6608f68c;err_cast.output;true;false
0d4a6608f68c;fen.output;true;false
0d4a6608f68c;flags.output;false;false
0d4a6608f68c;ifaddr.output;false;false
0d4a6608f68c;ifcol.output;false;false
0d4a6608f68c;ifnullfree.output;true;false
0d4a6608f68c;iounmap.output;false;false
0d4a6608f68c;irqf_oneshot.output;true;false
0d4a6608f68c;itnull.output;true;true
0d4a6608f68c;kfree.output;false;false
0d4a6608f68c;kfreeaddr.output;false;false
0d4a6608f68c;kmerr.output;false;false
0d4a6608f68c;kstrdup.output;true;false
0d4a6608f68c;kzalloc-simple.output;true;false
0d4a6608f68c;list_entry_update.output;false;false
0d4a6608f68c;memdup.output;true;false
0d4a6608f68c;memdup_user.output;true;true
0d4a6608f68c;mini_lock.output;false;false
0d4a6608f68c;noderef.output;true;false
0d4a6608f68c;odd_ptr_err.output;true;false
0d4a6608f68c;of_table.output;true;false
0d4a6608f68c;orplus.output;false;false
0d4a6608f68c;pci_free_consistent.output;false;false
0d4a6608f68c;platform_no_drv_owner.output;true;false
0d4a6608f68c;pm_runtime.output;false;false
0d4a6608f68c;pool_zalloc-simple.output;true;false
0d4a6608f68c;ptr_ret.output;true;false
0d4a6608f68c;resource_size.output;true;false
0d4a6608f68c;returnvar.output;true;false
0d4a6608f68c;semicolon.output;true;false
0d4a6608f68c;setup_timer.output;true;false
0d4a6608f68c;simple_open.output;true;false
0d4a6608f68c;unsigned_lesser_than_zero.output;false;false
0d4a6608f68c;use_after_iter.output;false;false
0d4a6608f68c;vma_pages.output;true;false
0d4a6608f68c;warn.output;true;false
134bd90286d;alloc_cast.output;true;false
134bd90286d;array_size.output;true;false
134bd90286d;badty.output;true;false
134bd90286d;badzero.output;true;false
134bd90286d;boolconv.output;false;false
134bd90286d;boolinit.output;true;false
134bd90286d;boolreturn.output;true;false
134bd90286d;bugon.output;true;false
134bd90286d;call_kern.output;true;false
134bd90286d;check_bq27xxx_data.output;true;true
134bd90286d;clk_put.output;false;false
134bd90286d;cond_no_effect.output;false;false
134bd90286d;cstptr.output;false;false
134bd90286d;d_find_alias.output;true;false
134bd90286d;debugfs_simple_attr.output;true;false
134bd90286d;deref_null.output;false;false
134bd90286d;device_node_continue.output;true;false
134bd90286d;devm_free.output;false;false
134bd90286d;double_lock.output;false;false
134bd90286d;doublebitand.output;false;false
134bd90286d;doubleinit.output;false;false
134bd90286d;doubletest.output;false;false
134bd90286d;drm-get-put.output;true;false
134bd90286d;eno.output;true;false
134bd90286d;err_cast.output;true;false
134bd90286d;fen.output;true;false
134bd90286d;flags.output;false;false
134bd90286d;ifaddr.output;false;false
134bd90286d;ifcol.output;false;false
134bd90286d;ifnullfree.output;true;false
134bd90286d;iounmap.output;false;false
134bd90286d;irqf_oneshot.output;true;false
134bd90286d;itnull.output;true;true
134bd90286d;kfree.output;false;false
134bd90286d;kfreeaddr.output;false;false
134bd90286d;kmerr.output;false;false
134bd90286d;kstrdup.output;true;false
134bd90286d;list_entry_update.output;false;false
134bd90286d;memdup.output;true;true
134bd90286d;memdup_user.output;true;true
134bd90286d;mini_lock.output;false;false
134bd90286d;noderef.output;true;false
134bd90286d;odd_ptr_err.output;true;false
134bd90286d;of_table.output;true;false
134bd90286d;orplus.output;false;false
134bd90286d;pci_free_consistent.output;false;false
134bd90286d;platform_no_drv_owner.output;true;false
134bd90286d;pm_runtime.output;false;false
134bd90286d;pool_zalloc-simple.output;true;false
134bd90286d;ptr_ret.output;true;false
134bd90286d;resource_size.output;true;false
134bd90286d;returnvar.output;true;false
134bd90286d;semicolon.output;true;false
134bd90286d;simple_open.output;true;false
134bd90286d;unsigned_lesser_than_zero.output;false;false
134bd90286d;use_after_iter.output;false;false
134bd90286d;vma_pages.output;true;false
134bd90286d;warn.output;true;false
134bd90286d;zalloc-simple.output;true;false
15b4dd798149;alloc_cast.output;true;false
15b4dd798149;array_size.output;true;false
15b4dd798149;badty.output;true;false
15b4dd798149;badzero.output;true;false
15b4dd798149;boolconv.output;false;false
15b4dd798149;boolinit.output;true;false
15b4dd798149;boolreturn.output;true;false
15b4dd798149;bugon.output;true;false
15b4dd798149;call_kern.output;true;false
15b4dd798149;check_bq27xxx_data.output;true;true
15b4dd798149;clk_put.output;false;false
15b4dd798149;cond_no_effect.output;false;false
15b4dd798149;cstptr.output;false;false
15b4dd798149;d_find_alias.output;true;false
15b4dd798149;debugfs_simple_attr.output;true;false
15b4dd798149;deref_null.output;false;false
15b4dd798149;device_node_continue.output;true;false
15b4dd798149;devm_free.output;false;false
15b4dd798149;double_lock.output;false;false
15b4dd798149;doublebitand.output;false;false
15b4dd798149;doubleinit.output;false;false
15b4dd798149;doubletest.output;false;false
15b4dd798149;drm-get-put.output;true;false
15b4dd798149;eno.output;true;false
15b4dd798149;err_cast.output;true;false
15b4dd798149;fen.output;true;false
15b4dd798149;flags.output;false;false
15b4dd798149;ifaddr.output;false;false
15b4dd798149;ifcol.output;false;false
15b4dd798149;ifnullfree.output;true;false
15b4dd798149;iounmap.output;false;false
15b4dd798149;irqf_oneshot.output;true;false
15b4dd798149;itnull.output;true;true
15b4dd798149;kfree.output;false;false
15b4dd798149;kfreeaddr.output;false;false
15b4dd798149;kmerr.output;false;false
15b4dd798149;kstrdup.output;true;false
15b4dd798149;list_entry_update.output;false;false
15b4dd798149;memdup.output;true;false
15b4dd798149;memdup_user.output;true;true
15b4dd798149;mini_lock.output;false;false
15b4dd798149;noderef.output;true;false
15b4dd798149;odd_ptr_err.output;true;false
15b4dd798149;of_table.output;true;false
15b4dd798149;orplus.output;false;false
15b4dd798149;pci_free_consistent.output;false;false
15b4dd798149;platform_no_drv_owner.output;true;false
15b4dd798149;pm_runtime.output;false;false
15b4dd798149;pool_zalloc-simple.output;true;false
15b4dd798149;ptr_ret.output;true;false
15b4dd798149;resource_size.output;true;false
15b4dd798149;returnvar.output;true;false
15b4dd798149;semicolon.output;true;false
15b4dd798149;simple_open.output;true;false
15b4dd798149;unsigned_lesser_than_zero.output;false;false
15b4dd798149;use_after_iter.output;false;false
15b4dd798149;vma_pages.output;true;false
15b4dd798149;warn.output;true;false
15b4dd798149;zalloc-simple.output;true;false
2551a53053de;alloc_cast.output;true;false
2551a53053de;array_size.output;true;false
2551a53053de;badty.output;true;false
2551a53053de;badzero.output;true;false
2551a53053de;boolconv.output;false;false
2551a53053de;boolinit.output;true;false
2551a53053de;boolreturn.output;true;false
2551a53053de;bugon.output;true;false
2551a53053de;call_kern.output;true;false
2551a53053de;check_bq27xxx_data.output;true;true
2551a53053de;clk_put.output;false;false
2551a53053de;cond_no_effect.output;false;false
2551a53053de;cstptr.output;false;false
2551a53053de;d_find_alias.output;true;false
2551a53053de;debugfs_simple_attr.output;true;false
2551a53053de;deref_null.output;false;false
2551a53053de;device_node_continue.output;true;false
2551a53053de;devm_free.output;false;false
2551a53053de;double_lock.output;false;false
2551a53053de;doublebitand.output;false;false
2551a53053de;doubleinit.output;false;false
2551a53053de;doubletest.output;false;false
2551a53053de;drm-get-put.output;true;false
2551a53053de;eno.output;true;false
2551a53053de;err_cast.output;true;false
2551a53053de;fen.output;true;false
2551a53053de;flags.output;false;false
2551a53053de;ifaddr.output;false;false
2551a53053de;ifcol.output;false;false
2551a53053de;ifnullfree.output;true;false
2551a53053de;iounmap.output;false;false
2551a53053de;irqf_oneshot.output;true;false
2551a53053de;itnull.output;true;true
2551a53053de;kfree.output;false;false
2551a53053de;kfreeaddr.output;false;false
2551a53053de;kmerr.output;false;false
2551a53053de;kstrdup.output;true;false
2551a53053de;list_entry_update.output;false;false
2551a53053de;memdup.output;true;true
2551a53053de;memdup_user.output;true;true
2551a53053de;mini_lock.output;false;false
2551a53053de;noderef.output;true;false
2551a53053de;odd_ptr_err.output;true;false
2551a53053de;of_table.output;true;false
2551a53053de;orplus.output;false;false
2551a53053de;pci_free_consistent.output;false;false
2551a53053de;platform_no_drv_owner.output;true;false
2551a53053de;pm_runtime.output;false;false
2551a53053de;pool_zalloc-simple.output;true;false
2551a53053de;ptr_ret.output;true;false
2551a53053de;resource_size.output;true;false
2551a53053de;returnvar.output;true;false
2551a53053de;semicolon.output;true;false
2551a53053de;simple_open.output;true;false
2551a53053de;unsigned_lesser_than_zero.output;false;false
2551a53053de;use_after_iter.output;false;false
2551a53053de;vma_pages.output;true;false
2551a53053de;warn.output;true;false
2551a53053de;zalloc-simple.output;true;false
25a3ba610609;alloc_cast.output;true;false
25a3ba610609;array_size.output;true;false
25a3ba610609;badty.output;true;false
25a3ba610609;badzero.output;true;false
25a3ba610609;boolconv.output;false;false
25a3ba610609;boolinit.output;true;false
25a3ba610609;boolreturn.output;true;false
25a3ba610609;bugon.output;true;false
25a3ba610609;call_kern.output;true;false
25a3ba610609;clk_put.output;false;false
25a3ba610609;cond_no_effect.output;false;false
25a3ba610609;cstptr.output;false;false
25a3ba610609;d_find_alias.output;true;false
25a3ba610609;debugfs_simple_attr.output;true;false
25a3ba610609;deref_null.output;false;false
25a3ba610609;device_node_continue.output;true;false
25a3ba610609;devm_free.output;false;false
25a3ba610609;double_lock.output;false;false
25a3ba610609;doublebitand.output;false;false
25a3ba610609;doubleinit.output;false;false
25a3ba610609;doubletest.output;false;false
25a3ba610609;drm-get-put.output;true;false
25a3ba610609;eno.output;true;false
25a3ba610609;err_cast.output;true;false
25a3ba610609;fen.output;true;false
25a3ba610609;flags.output;false;false
25a3ba610609;ifaddr.output;false;false
25a3ba610609;ifcol.output;false;false
25a3ba610609;ifnullfree.output;true;false
25a3ba610609;iounmap.output;false;false
25a3ba610609;irqf_oneshot.output;true;false
25a3ba610609;itnull.output;true;true
25a3ba610609;kfree.output;false;false
25a3ba610609;kfreeaddr.output;false;false
25a3ba610609;kmerr.output;false;false
25a3ba610609;kstrdup.output;true;false
25a3ba610609;kzalloc-simple.output;true;false
25a3ba610609;list_entry_update.output;false;false
25a3ba610609;memdup.output;true;true
25a3ba610609;memdup_user.output;true;true
25a3ba610609;mini_lock.output;false;false
25a3ba610609;noderef.output;true;false
25a3ba610609;odd_ptr_err.output;true;false
25a3ba610609;of_table.output;true;false
25a3ba610609;orplus.output;false;false
25a3ba610609;pci_free_consistent.output;false;false
25a3ba610609;platform_no_drv_owner.output;true;false
25a3ba610609;pm_runtime.output;false;false
25a3ba610609;pool_zalloc-simple.output;true;false
25a3ba610609;ptr_ret.output;true;false
25a3ba610609;resource_size.output;true;false
25a3ba610609;returnvar.output;true;false
25a3ba610609;semicolon.output;true;false
25a3ba610609;setup_timer.output;true;false
25a3ba610609;simple_open.output;true;false
25a3ba610609;unsigned_lesser_than_zero.output;false;false
25a3ba610609;use_after_iter.output;false;false
25a3ba610609;vma_pages.output;true;false
25a3ba610609;warn.output;true;false
2f53fbd52182;alloc_cast.output;true;false
2f53fbd52182;array_size.output;true;false
2f53fbd52182;badty.output;true;false
2f53fbd52182;badzero.output;true;false
2f53fbd52182;boolconv.output;false;false
2f53fbd52182;boolinit.output;true;false
2f53fbd52182;boolreturn.output;true;false
2f53fbd52182;bugon.output;true;false
2f53fbd52182;call_kern.output;true;false
2f53fbd52182;clk_put.output;false;false
2f53fbd52182;cond_no_effect.output;false;false
2f53fbd52182;cstptr.output;false;false
2f53fbd52182;d_find_alias.output;true;false
2f53fbd52182;debugfs_simple_attr.output;true;false
2f53fbd52182;deref_null.output;false;false
2f53fbd52182;device_node_continue.output;true;false
2f53fbd52182;devm_free.output;false;false
2f53fbd52182;double_lock.output;false;false
2f53fbd52182;doublebitand.output;false;false
2f53fbd52182;doubleinit.output;false;false
2f53fbd52182;doubletest.output;false;false
2f53fbd52182;drm-get-put.output;true;false
2f53fbd52182;eno.output;true;false
2f53fbd52182;err_cast.output;true;false
2f53fbd52182;fen.output;true;false
2f53fbd52182;flags.output;false;false
2f53fbd52182;ifaddr.output;false;false
2f53fbd52182;ifcol.output;false;false
2f53fbd52182;ifnullfree.output;true;false
2f53fbd52182;iounmap.output;false;false
2f53fbd52182;irqf_oneshot.output;true;false
2f53fbd52182;itnull.output;true;true
2f53fbd52182;kfree.output;false;false
2f53fbd52182;kfreeaddr.output;false;false
2f53fbd52182;kmerr.output;false;false
2f53fbd52182;kstrdup.output;true;false
2f53fbd52182;kzalloc-simple.output;true;false
2f53fbd52182;list_entry_update.output;false;false
2f53fbd52182;memdup.output;true;false
2f53fbd52182;memdup_user.output;true;true
2f53fbd52182;mini_lock.output;false;false
2f53fbd52182;noderef.output;true;false
2f53fbd52182;odd_ptr_err.output;true;false
2f53fbd52182;of_table.output;true;false
2f53fbd52182;orplus.output;false;false
2f53fbd52182;pci_free_consistent.output;false;false
2f53fbd52182;platform_no_drv_owner.output;true;false
2f53fbd52182;pm_runtime.output;false;false
2f53fbd52182;pool_zalloc-simple.output;true;false
2f53fbd52182;ptr_ret.output;true;false
2f53fbd52182;resource_size.output;true;false
2f53fbd52182;returnvar.output;true;false
2f53fbd52182;semicolon.output;true;false
2f53fbd52182;setup_timer.output;true;false
2f53fbd52182;simple_open.output;true;false
2f53fbd52182;unsigned_lesser_than_zero.output;false;false
2f53fbd52182;use_after_iter.output;false;false
2f53fbd52182;vma_pages.output;true;false
2f53fbd52182;warn.output;true;false
38651683aa98;alloc_cast.output;true;false
38651683aa98;array_size.output;true;false
38651683aa98;badty.output;true;false
38651683aa98;badzero.output;true;false
38651683aa98;boolconv.output;false;false
38651683aa98;boolinit.output;true;false
38651683aa98;boolreturn.output;true;false
38651683aa98;bugon.output;true;false
38651683aa98;call_kern.output;true;false
38651683aa98;clk_put.output;false;false
38651683aa98;cond_no_effect.output;false;false
38651683aa98;cstptr.output;false;false
38651683aa98;d_find_alias.output;true;false
38651683aa98;debugfs_simple_attr.output;true;false
38651683aa98;deref_null.output;false;false
38651683aa98;device_node_continue.output;true;false
38651683aa98;devm_free.output;false;false
38651683aa98;double_lock.output;false;false
38651683aa98;doublebitand.output;false;false
38651683aa98;doubleinit.output;false;false
38651683aa98;doubletest.output;false;false
38651683aa98;drm-get-put.output;true;false
38651683aa98;eno.output;true;false
38651683aa98;err_cast.output;true;false
38651683aa98;fen.output;true;false
38651683aa98;flags.output;false;false
38651683aa98;ifaddr.output;false;false
38651683aa98;ifcol.output;false;false
38651683aa98;ifnullfree.output;true;false
38651683aa98;iounmap.output;false;false
38651683aa98;irqf_oneshot.output;true;false
38651683aa98;itnull.output;true;true
38651683aa98;kfree.output;false;false
38651683aa98;kfreeaddr.output;false;false
38651683aa98;kmerr.output;false;false
38651683aa98;kstrdup.output;true;false
38651683aa98;kzalloc-simple.output;true;false
38651683aa98;list_entry_update.output;false;false
38651683aa98;memdup.output;true;true
38651683aa98;memdup_user.output;true;true
38651683aa98;mini_lock.output;false;false
38651683aa98;noderef.output;true;false
38651683aa98;odd_ptr_err.output;true;false
38651683aa98;of_table.output;true;false
38651683aa98;orplus.output;false;false
38651683aa98;pci_free_consistent.output;false;false
38651683aa98;platform_no_drv_owner.output;true;false
38651683aa98;pm_runtime.output;false;false
38651683aa98;pool_zalloc-simple.output;true;false
38651683aa98;ptr_ret.output;true;false
38651683aa98;resource_size.output;true;false
38651683aa98;returnvar.output;true;false
38651683aa98;semicolon.output;true;false
38651683aa98;setup_timer.output;true;false
38651683aa98;simple_open.output;true;false
38651683aa98;unsigned_lesser_than_zero.output;false;false
38651683aa98;use_after_iter.output;false;false
38651683aa98;vma_pages.output;true;false
38651683aa98;warn.output;true;false
4efe37f4c4ef;alloc_cast.output;true;false
4efe37f4c4ef;array_size.output;true;false
4efe37f4c4ef;badty.output;true;false
4efe37f4c4ef;badzero.output;true;false
4efe37f4c4ef;boolconv.output;false;false
4efe37f4c4ef;boolinit.output;true;false
4efe37f4c4ef;boolreturn.output;true;false
4efe37f4c4ef;bugon.output;true;false
4efe37f4c4ef;call_kern.output;true;false
4efe37f4c4ef;clk_put.output;false;false
4efe37f4c4ef;cond_no_effect.output;false;false
4efe37f4c4ef;cstptr.output;false;false
4efe37f4c4ef;d_find_alias.output;true;false
4efe37f4c4ef;debugfs_simple_attr.output;true;false
4efe37f4c4ef;deref_null.output;false;false
4efe37f4c4ef;device_node_continue.output;true;false
4efe37f4c4ef;devm_free.output;false;false
4efe37f4c4ef;double_lock.output;false;false
4efe37f4c4ef;doublebitand.output;false;false
4efe37f4c4ef;doubleinit.output;false;false
4efe37f4c4ef;doubletest.output;false;false
4efe37f4c4ef;drm-get-put.output;true;false
4efe37f4c4ef;eno.output;true;false
4efe37f4c4ef;err_cast.output;true;false
4efe37f4c4ef;fen.output;true;false
4efe37f4c4ef;flags.output;false;false
4efe37f4c4ef;ifaddr.output;false;false
4efe37f4c4ef;ifcol.output;false;false
4efe37f4c4ef;ifnullfree.output;true;false
4efe37f4c4ef;iounmap.output;false;false
4efe37f4c4ef;irqf_oneshot.output;true;false
4efe37f4c4ef;itnull.output;true;true
4efe37f4c4ef;kfree.output;false;false
4efe37f4c4ef;kfreeaddr.output;false;false
4efe37f4c4ef;kmerr.output;false;false
4efe37f4c4ef;kstrdup.output;true;false
4efe37f4c4ef;kzalloc-simple.output;true;false
4efe37f4c4ef;list_entry_update.output;false;false
4efe37f4c4ef;memdup.output;true;true
4efe37f4c4ef;memdup_user.output;true;true
4efe37f4c4ef;mini_lock.output;false;false
4efe37f4c4ef;noderef.output;true;false
4efe37f4c4ef;odd_ptr_err.output;true;false
4efe37f4c4ef;of_table.output;true;false
4efe37f4c4ef;orplus.output;false;false
4efe37f4c4ef;pci_free_consistent.output;false;false
4efe37f4c4ef;platform_no_drv_owner.output;true;false
4efe37f4c4ef;pm_runtime.output;false;false
4efe37f4c4ef;pool_zalloc-simple.output;true;false
4efe37f4c4ef;ptr_ret.output;true;false
4efe37f4c4ef;resource_size.output;true;false
4efe37f4c4ef;returnvar.output;true;false
4efe37f4c4ef;semicolon.output;true;false
4efe37f4c4ef;setup_timer.output;true;false
4efe37f4c4ef;simple_open.output;true;false
4efe37f4c4ef;unsigned_lesser_than_zero.output;false;false
4efe37f4c4ef;use_after_iter.output;false;false
4efe37f4c4ef;vma_pages.output;true;false
4efe37f4c4ef;warn.output;true;false
5003ae1e735e;alloc_cast.output;true;false
5003ae1e735e;array_size.output;true;false
5003ae1e735e;badty.output;true;false
5003ae1e735e;badzero.output;true;false
5003ae1e735e;boolconv.output;false;false
5003ae1e735e;boolinit.output;true;false
5003ae1e735e;boolreturn.output;true;false
5003ae1e735e;bugon.output;true;false
5003ae1e735e;call_kern.output;true;false
5003ae1e735e;clk_put.output;false;false
5003ae1e735e;cond_no_effect.output;false;false
5003ae1e735e;cstptr.output;false;false
5003ae1e735e;d_find_alias.output;true;false
5003ae1e735e;debugfs_simple_attr.output;true;false
5003ae1e735e;deref_null.output;false;false
5003ae1e735e;device_node_continue.output;true;false
5003ae1e735e;devm_free.output;false;false
5003ae1e735e;double_lock.output;false;false
5003ae1e735e;doublebitand.output;false;false
5003ae1e735e;doubleinit.output;false;false
5003ae1e735e;doubletest.output;false;false
5003ae1e735e;eno.output;true;false
5003ae1e735e;err_cast.output;true;false
5003ae1e735e;fen.output;true;false
5003ae1e735e;flags.output;false;false
5003ae1e735e;ifaddr.output;false;false
5003ae1e735e;ifcol.output;false;false
5003ae1e735e;ifnullfree.output;true;false
5003ae1e735e;iounmap.output;false;false
5003ae1e735e;irqf_oneshot.output;true;false
5003ae1e735e;itnull.output;true;true
5003ae1e735e;kfree.output;false;false
5003ae1e735e;kfreeaddr.output;false;false
5003ae1e735e;kmerr.output;false;false
5003ae1e735e;kstrdup.output;true;false
5003ae1e735e;kzalloc-simple.output;true;false
5003ae1e735e;list_entry_update.output;false;false
5003ae1e735e;memdup.output;true;false
5003ae1e735e;memdup_user.output;true;true
5003ae1e735e;mini_lock.output;false;false
5003ae1e735e;noderef.output;true;false
5003ae1e735e;odd_ptr_err.output;true;false
5003ae1e735e;of_table.output;true;false
5003ae1e735e;orplus.output;false;false
5003ae1e735e;pci_free_consistent.output;false;false
5003ae1e735e;platform_no_drv_owner.output;true;false
5003ae1e735e;pm_runtime.output;false;false
5003ae1e735e;pool_zalloc-simple.output;true;false
5003ae1e735e;ptr_ret.output;true;false
5003ae1e735e;resource_size.output;true;false
5003ae1e735e;returnvar.output;true;false
5003ae1e735e;semicolon.output;true;false
5003ae1e735e;setup_timer.output;true;false
5003ae1e735e;simple_open.output;true;false
5003ae1e735e;unsigned_lesser_than_zero.output;false;false
5003ae1e735e;use_after_iter.output;false;false
5003ae1e735e;vma_pages.output;true;false
5003ae1e735e;warn.output;true;false
7007ba630e4a;alloc_cast.output;true;false
7007ba630e4a;array_size.output;true;false
7007ba630e4a;badty.output;true;false
7007ba630e4a;badzero.output;true;false
7007ba630e4a;boolconv.output;false;false
7007ba630e4a;boolinit.output;true;false
7007ba630e4a;boolreturn.output;true;false
7007ba630e4a;bugon.output;true;false
7007ba630e4a;call_kern.output;true;false
7007ba630e4a;check_bq27xxx_data.output;true;true
7007ba630e4a;clk_put.output;false;false
7007ba630e4a;cond_no_effect.output;false;false
7007ba630e4a;cstptr.output;false;false
7007ba630e4a;d_find_alias.output;true;false
7007ba630e4a;debugfs_simple_attr.output;true;false
7007ba630e4a;deref_null.output;false;false
7007ba630e4a;device_node_continue.output;true;false
7007ba630e4a;devm_free.output;false;false
7007ba630e4a;double_lock.output;false;false
7007ba630e4a;doublebitand.output;false;false
7007ba630e4a;doubleinit.output;false;false
7007ba630e4a;doubletest.output;false;false
7007ba630e4a;drm-get-put.output;true;false
7007ba630e4a;eno.output;true;false
7007ba630e4a;err_cast.output;true;false
7007ba630e4a;fen.output;true;false
7007ba630e4a;flags.output;false;false
7007ba630e4a;ifaddr.output;false;false
7007ba630e4a;ifcol.output;false;false
7007ba630e4a;ifnullfree.output;true;false
7007ba630e4a;iounmap.output;false;false
7007ba630e4a;irqf_oneshot.output;true;false
7007ba630e4a;itnull.output;true;true
7007ba630e4a;kfree.output;false;false
7007ba630e4a;kfreeaddr.output;false;false
7007ba630e4a;kmerr.output;false;false
7007ba630e4a;kstrdup.output;true;false
7007ba630e4a;kzalloc-simple.output;true;false
7007ba630e4a;list_entry_update.output;false;false
7007ba630e4a;memdup.output;true;false
7007ba630e4a;memdup_user.output;true;true
7007ba630e4a;mini_lock.output;false;false
7007ba630e4a;noderef.output;true;false
7007ba630e4a;odd_ptr_err.output;true;false
7007ba630e4a;of_table.output;true;false
7007ba630e4a;orplus.output;false;false
7007ba630e4a;pci_free_consistent.output;false;false
7007ba630e4a;platform_no_drv_owner.output;true;false
7007ba630e4a;pm_runtime.output;false;false
7007ba630e4a;pool_zalloc-simple.output;true;false
7007ba630e4a;ptr_ret.output;true;false
7007ba630e4a;resource_size.output;true;false
7007ba630e4a;returnvar.output;true;false
7007ba630e4a;semicolon.output;true;false
7007ba630e4a;simple_open.output;true;false
7007ba630e4a;unsigned_lesser_than_zero.output;false;false
7007ba630e4a;use_after_iter.output;false;false
7007ba630e4a;vma_pages.output;true;false
7007ba630e4a;warn.output;true;false
78109d230b79;alloc_cast.output;true;false
78109d230b79;array_size.output;true;false
78109d230b79;badty.output;true;false
78109d230b79;badzero.output;true;false
78109d230b79;boolconv.output;false;false
78109d230b79;boolinit.output;true;false
78109d230b79;boolreturn.output;true;false
78109d230b79;bugon.output;true;false
78109d230b79;call_kern.output;true;false
78109d230b79;clk_put.output;false;false
78109d230b79;cond_no_effect.output;false;false
78109d230b79;cstptr.output;false;false
78109d230b79;d_find_alias.output;true;false
78109d230b79;debugfs_simple_attr.output;true;false
78109d230b79;deref_null.output;false;false
78109d230b79;device_node_continue.output;true;false
78109d230b79;devm_free.output;false;false
78109d230b79;double_lock.output;false;false
78109d230b79;doublebitand.output;false;false
78109d230b79;doubleinit.output;false;false
78109d230b79;doubletest.output;false;false
78109d230b79;drm-get-put.output;true;false
78109d230b79;eno.output;true;false
78109d230b79;err_cast.output;true;false
78109d230b79;fen.output;true;false
78109d230b79;flags.output;false;false
78109d230b79;ifaddr.output;false;false
78109d230b79;ifcol.output;false;false
78109d230b79;ifnullfree.output;true;false
78109d230b79;iounmap.output;false;false
78109d230b79;irqf_oneshot.output;true;false
78109d230b79;itnull.output;true;true
78109d230b79;kfree.output;false;false
78109d230b79;kfreeaddr.output;false;false
78109d230b79;kmerr.output;false;false
78109d230b79;kstrdup.output;true;false
78109d230b79;kzalloc-simple.output;true;false
78109d230b79;list_entry_update.output;false;false
78109d230b79;memdup.output;true;false
78109d230b79;memdup_user.output;true;true
78109d230b79;mini_lock.output;false;false
78109d230b79;noderef.output;true;false
78109d230b79;odd_ptr_err.output;true;false
78109d230b79;of_table.output;true;false
78109d230b79;orplus.output;false;false
78109d230b79;pci_free_consistent.output;false;false
78109d230b79;platform_no_drv_owner.output;true;false
78109d230b79;pm_runtime.output;false;false
78109d230b79;pool_zalloc-simple.output;true;false
78109d230b79;ptr_ret.output;true;false
78109d230b79;resource_size.output;true;false
78109d230b79;returnvar.output;true;false
78109d230b79;semicolon.output;true;true
78109d230b79;setup_timer.output;true;false
78109d230b79;simple_open.output;true;false
78109d230b79;unsigned_lesser_than_zero.output;false;false
78109d230b79;use_after_iter.output;false;false
78109d230b79;vma_pages.output;true;false
78109d230b79;warn.output;true;false
827ed2b06b05;alloc_cast.output;true;false
827ed2b06b05;array_size.output;true;false
827ed2b06b05;badty.output;true;false
827ed2b06b05;badzero.output;true;false
827ed2b06b05;boolconv.output;false;false
827ed2b06b05;boolinit.output;true;false
827ed2b06b05;boolreturn.output;true;false
827ed2b06b05;bugon.output;true;false
827ed2b06b05;call_kern.output;true;false
827ed2b06b05;check_bq27xxx_data.output;true;true
827ed2b06b05;clk_put.output;false;false
827ed2b06b05;cond_no_effect.output;false;false
827ed2b06b05;cstptr.output;false;false
827ed2b06b05;d_find_alias.output;true;false
827ed2b06b05;debugfs_simple_attr.output;true;false
827ed2b06b05;deref_null.output;false;false
827ed2b06b05;device_node_continue.output;true;false
827ed2b06b05;devm_free.output;false;false
827ed2b06b05;double_lock.output;false;false
827ed2b06b05;doublebitand.output;false;false
827ed2b06b05;doubleinit.output;false;false
827ed2b06b05;doubletest.output;false;false
827ed2b06b05;drm-get-put.output;true;false
827ed2b06b05;eno.output;true;false
827ed2b06b05;err_cast.output;true;false
827ed2b06b05;fen.output;true;false
827ed2b06b05;flags.output;false;false
827ed2b06b05;ifaddr.output;false;false
827ed2b06b05;ifcol.output;false;false
827ed2b06b05;ifnullfree.output;true;false
827ed2b06b05;iounmap.output;false;false
827ed2b06b05;irqf_oneshot.output;true;false
827ed2b06b05;itnull.output;true;true
827ed2b06b05;kfree.output;false;false
827ed2b06b05;kfreeaddr.output;false;false
827ed2b06b05;kmerr.output;false;false
827ed2b06b05;kstrdup.output;true;false
827ed2b06b05;kzalloc-simple.output;true;false
827ed2b06b05;list_entry_update.output;false;false
827ed2b06b05;memdup.output;true;false
827ed2b06b05;memdup_user.output;true;true
827ed2b06b05;mini_lock.output;false;false
827ed2b06b05;noderef.output;true;false
827ed2b06b05;odd_ptr_err.output;true;false
827ed2b06b05;of_table.output;true;false
827ed2b06b05;orplus.output;false;false
827ed2b06b05;pci_free_consistent.output;false;false
827ed2b06b05;platform_no_drv_owner.output;true;false
827ed2b06b05;pm_runtime.output;false;false
827ed2b06b05;pool_zalloc-simple.output;true;false
827ed2b06b05;ptr_ret.output;true;false
827ed2b06b05;resource_size.output;true;false
827ed2b06b05;returnvar.output;true;false
827ed2b06b05;semicolon.output;true;false
827ed2b06b05;simple_open.output;true;false
827ed2b06b05;unsigned_lesser_than_zero.output;false;false
827ed2b06b05;use_after_iter.output;false;false
827ed2b06b05;vma_pages.output;true;false
827ed2b06b05;warn.output;true;false
847ecd3fa311;alloc_cast.output;true;false
847ecd3fa311;array_size.output;true;false
847ecd3fa311;badty.output;true;false
847ecd3fa311;badzero.output;true;false
847ecd3fa311;boolconv.output;false;false
847ecd3fa311;boolinit.output;true;false
847ecd3fa311;boolreturn.output;true;false
847ecd3fa311;bugon.output;true;false
847ecd3fa311;call_kern.output;true;false
847ecd3fa311;check_bq27xxx_data.output;true;true
847ecd3fa311;clk_put.output;false;false
847ecd3fa311;cond_no_effect.output;false;false
847ecd3fa311;cstptr.output;false;false
847ecd3fa311;d_find_alias.output;true;false
847ecd3fa311;debugfs_simple_attr.output;true;false
847ecd3fa311;deref_null.output;false;false
847ecd3fa311;device_node_continue.output;true;false
847ecd3fa311;devm_free.output;false;false
847ecd3fa311;double_lock.output;false;false
847ecd3fa311;doublebitand.output;false;false
847ecd3fa311;doubleinit.output;false;false
847ecd3fa311;doubletest.output;false;false
847ecd3fa311;drm-get-put.output;true;false
847ecd3fa311;eno.output;true;false
847ecd3fa311;err_cast.output;true;false
847ecd3fa311;fen.output;true;false
847ecd3fa311;flags.output;false;false
847ecd3fa311;ifaddr.output;false;false
847ecd3fa311;ifcol.output;false;false
847ecd3fa311;ifnullfree.output;true;false
847ecd3fa311;iounmap.output;false;false
847ecd3fa311;irqf_oneshot.output;true;false
847ecd3fa311;itnull.output;true;true
847ecd3fa311;kfree.output;false;false
847ecd3fa311;kfreeaddr.output;false;false
847ecd3fa311;kmerr.output;false;false
847ecd3fa311;kstrdup.output;true;false
847ecd3fa311;list_entry_update.output;false;false
847ecd3fa311;memdup.output;true;false
847ecd3fa311;memdup_user.output;true;true
847ecd3fa311;mini_lock.output;false;false
847ecd3fa311;noderef.output;true;false
847ecd3fa311;odd_ptr_err.output;true;false
847ecd3fa311;of_table.output;true;false
847ecd3fa311;orplus.output;false;false
847ecd3fa311;pci_free_consistent.output;false;false
847ecd3fa311;platform_no_drv_owner.output;true;false
847ecd3fa311;pm_runtime.output;false;false
847ecd3fa311;pool_zalloc-simple.output;true;false
847ecd3fa311;ptr_ret.output;true;false
847ecd3fa311;resource_size.output;true;false
847ecd3fa311;returnvar.output;true;false
847ecd3fa311;semicolon.output;true;false
847ecd3fa311;simple_open.output;true;false
847ecd3fa311;unsigned_lesser_than_zero.output;false;false
847ecd3fa311;use_after_iter.output;false;false
847ecd3fa311;vma_pages.output;true;false
847ecd3fa311;warn.output;true;false
847ecd3fa311;zalloc-simple.output;true;false
96801b35f07e;alloc_cast.output;true;false
96801b35f07e;array_size.output;true;false
96801b35f07e;badty.output;true;false
96801b35f07e;badzero.output;true;false
96801b35f07e;boolconv.output;false;false
96801b35f07e;boolinit.output;true;false
96801b35f07e;boolreturn.output;true;false
96801b35f07e;bugon.output;true;false
96801b35f07e;call_kern.output;true;false
96801b35f07e;clk_put.output;false;false
96801b35f07e;cond_no_effect.output;false;false
96801b35f07e;cstptr.output;false;false
96801b35f07e;d_find_alias.output;true;false
96801b35f07e;debugfs_simple_attr.output;true;false
96801b35f07e;deref_null.output;false;false
96801b35f07e;device_node_continue.output;true;false
96801b35f07e;devm_free.output;false;false
96801b35f07e;double_lock.output;false;false
96801b35f07e;doublebitand.output;false;false
96801b35f07e;doubleinit.output;false;false
96801b35f07e;doubletest.output;false;false
96801b35f07e;eno.output;true;false
96801b35f07e;err_cast.output;true;false
96801b35f07e;fen.output;true;false
96801b35f07e;flags.output;false;false
96801b35f07e;ifaddr.output;false;false
96801b35f07e;ifcol.output;false;false
96801b35f07e;ifnullfree.output;true;false
96801b35f07e;iounmap.output;false;false
96801b35f07e;irqf_oneshot.output;true;false
96801b35f07e;itnull.output;true;true
96801b35f07e;kfree.output;false;false
96801b35f07e;kfreeaddr.output;false;false
96801b35f07e;kmerr.output;false;false
96801b35f07e;kstrdup.output;true;false
96801b35f07e;kzalloc-simple.output;true;false
96801b35f07e;list_entry_update.output;false;false
96801b35f07e;memdup.output;true;false
96801b35f07e;memdup_user.output;true;true
96801b35f07e;mini_lock.output;false;false
96801b35f07e;noderef.output;true;false
96801b35f07e;odd_ptr_err.output;true;false
96801b35f07e;of_table.output;true;false
96801b35f07e;orplus.output;false;false
96801b35f07e;pci_free_consistent.output;false;false
96801b35f07e;platform_no_drv_owner.output;true;false
96801b35f07e;pm_runtime.output;false;false
96801b35f07e;pool_zalloc-simple.output;true;false
96801b35f07e;ptr_ret.output;true;false
96801b35f07e;resource_size.output;true;false
96801b35f07e;returnvar.output;true;false
96801b35f07e;semicolon.output;true;false
96801b35f07e;setup_timer.output;true;false
96801b35f07e;simple_open.output;true;false
96801b35f07e;unsigned_lesser_than_zero.output;false;false
96801b35f07e;use_after_iter.output;false;false
96801b35f07e;vma_pages.output;true;false
96801b35f07e;warn.output;true;false
bce1a65172d1;alloc_cast.output;true;false
bce1a65172d1;array_size.output;true;false
bce1a65172d1;badty.output;true;false
bce1a65172d1;badzero.output;true;false
bce1a65172d1;boolconv.output;false;false
bce1a65172d1;boolinit.output;true;false
bce1a65172d1;boolreturn.output;true;false
bce1a65172d1;bugon.output;true;false
bce1a65172d1;call_kern.output;true;false
bce1a65172d1;check_bq27xxx_data.output;true;true
bce1a65172d1;clk_put.output;false;false
bce1a65172d1;cond_no_effect.output;false;false
bce1a65172d1;cstptr.output;false;false
bce1a65172d1;d_find_alias.output;true;false
bce1a65172d1;debugfs_simple_attr.output;true;false
bce1a65172d1;deref_null.output;false;false
bce1a65172d1;device_node_continue.output;true;false
bce1a65172d1;devm_free.output;false;false
bce1a65172d1;double_lock.output;false;false
bce1a65172d1;doublebitand.output;false;false
bce1a65172d1;doubleinit.output;false;false
bce1a65172d1;doubletest.output;false;false
bce1a65172d1;drm-get-put.output;true;false
bce1a65172d1;eno.output;true;false
bce1a65172d1;err_cast.output;true;false
bce1a65172d1;fen.output;true;false
bce1a65172d1;flags.output;false;false
bce1a65172d1;ifaddr.output;false;false
bce1a65172d1;ifcol.output;false;false
bce1a65172d1;ifnullfree.output;true;false
bce1a65172d1;iounmap.output;false;false
bce1a65172d1;irqf_oneshot.output;true;false
bce1a65172d1;itnull.output;true;true
bce1a65172d1;kfree.output;false;false
bce1a65172d1;kfreeaddr.output;false;false
bce1a65172d1;kmerr.output;false;false
bce1a65172d1;kstrdup.output;true;false
bce1a65172d1;list_entry_update.output;false;false
bce1a65172d1;memdup.output;true;true
bce1a65172d1;memdup_user.output;true;true
bce1a65172d1;mini_lock.output;false;false
bce1a65172d1;noderef.output;true;false
bce1a65172d1;odd_ptr_err.output;true;false
bce1a65172d1;of_table.output;true;false
bce1a65172d1;orplus.output;false;false
bce1a65172d1;pci_free_consistent.output;false;false
bce1a65172d1;platform_no_drv_owner.output;true;false
bce1a65172d1;pm_runtime.output;false;false
bce1a65172d1;pool_zalloc-simple.output;true;false
bce1a65172d1;ptr_ret.output;true;false
bce1a65172d1;resource_size.output;true;false
bce1a65172d1;returnvar.output;true;false
bce1a65172d1;semicolon.output;true;false
bce1a65172d1;simple_open.output;true;false
bce1a65172d1;unsigned_lesser_than_zero.output;false;false
bce1a65172d1;use_after_iter.output;false;false
bce1a65172d1;vma_pages.output;true;false
bce1a65172d1;warn.output;true;false
bce1a65172d1;zalloc-simple.output;true;false
bfd40eaff5ab;alloc_cast.output;true;false
bfd40eaff5ab;array_size.output;true;false
bfd40eaff5ab;badty.output;true;false
bfd40eaff5ab;badzero.output;true;false
bfd40eaff5ab;boolconv.output;false;false
bfd40eaff5ab;boolinit.output;true;false
bfd40eaff5ab;boolreturn.output;true;false
bfd40eaff5ab;bugon.output;true;false
bfd40eaff5ab;call_kern.output;true;false
bfd40eaff5ab;check_bq27xxx_data.output;true;true
bfd40eaff5ab;clk_put.output;false;false
bfd40eaff5ab;cond_no_effect.output;false;false
bfd40eaff5ab;cstptr.output;false;false
bfd40eaff5ab;d_find_alias.output;true;false
bfd40eaff5ab;debugfs_simple_attr.output;true;false
bfd40eaff5ab;deref_null.output;false;false
bfd40eaff5ab;device_node_continue.output;true;false
bfd40eaff5ab;devm_free.output;false;false
bfd40eaff5ab;double_lock.output;false;false
bfd40eaff5ab;doublebitand.output;false;false
bfd40eaff5ab;doubleinit.output;false;false
bfd40eaff5ab;doubletest.output;false;false
bfd40eaff5ab;drm-get-put.output;true;false
bfd40eaff5ab;eno.output;true;false
bfd40eaff5ab;err_cast.output;true;false
bfd40eaff5ab;fen.output;true;false
bfd40eaff5ab;flags.output;false;false
bfd40eaff5ab;ifaddr.output;false;false
bfd40eaff5ab;ifcol.output;false;false
bfd40eaff5ab;ifnullfree.output;true;false
bfd40eaff5ab;iounmap.output;false;false
bfd40eaff5ab;irqf_oneshot.output;true;false
bfd40eaff5ab;itnull.output;true;true
bfd40eaff5ab;kfree.output;false;false
bfd40eaff5ab;kfreeaddr.output;false;false
bfd40eaff5ab;kmerr.output;false;false
bfd40eaff5ab;kstrdup.output;true;false
bfd40eaff5ab;list_entry_update.output;false;false
bfd40eaff5ab;memdup.output;true;true
bfd40eaff5ab;memdup_user.output;true;true
bfd40eaff5ab;mini_lock.output;false;false
bfd40eaff5ab;noderef.output;true;false
bfd40eaff5ab;odd_ptr_err.output;true;false
bfd40eaff5ab;of_table.output;true;false
bfd40eaff5ab;orplus.output;false;false
bfd40eaff5ab;pci_free_consistent.output;false;false
bfd40eaff5ab;platform_no_drv_owner.output;true;false
bfd40eaff5ab;pm_runtime.output;false;false
bfd40eaff5ab;pool_zalloc-simple.output;true;false
bfd40eaff5ab;ptr_ret.output;true;false
bfd40eaff5ab;resource_size.output;true;false
bfd40eaff5ab;returnvar.output;true;false
bfd40eaff5ab;semicolon.output;true;false
bfd40eaff5ab;simple_open.output;true;false
bfd40eaff5ab;unsigned_lesser_than_zero.output;false;false
bfd40eaff5ab;use_after_iter.output;false;false
bfd40eaff5ab;vma_pages.output;true;false
bfd40eaff5ab;warn.output;true;false
bfd40eaff5ab;zalloc-simple.output;true;false
ce8d1015a2b8;alloc_cast.output;true;false
ce8d1015a2b8;array_size.output;true;false
ce8d1015a2b8;badty.output;true;false
ce8d1015a2b8;badzero.output;true;false
ce8d1015a2b8;boolconv.output;false;false
ce8d1015a2b8;boolinit.output;true;false
ce8d1015a2b8;boolreturn.output;true;false
ce8d1015a2b8;bugon.output;true;false
ce8d1015a2b8;call_kern.output;true;false
ce8d1015a2b8;check_bq27xxx_data.output;true;true
ce8d1015a2b8;clk_put.output;false;false
ce8d1015a2b8;cond_no_effect.output;false;false
ce8d1015a2b8;cstptr.output;false;false
ce8d1015a2b8;d_find_alias.output;true;false
ce8d1015a2b8;debugfs_simple_attr.output;true;false
ce8d1015a2b8;deref_null.output;false;false
ce8d1015a2b8;device_node_continue.output;true;false
ce8d1015a2b8;devm_free.output;false;false
ce8d1015a2b8;double_lock.output;false;false
ce8d1015a2b8;doublebitand.output;false;false
ce8d1015a2b8;doubleinit.output;false;false
ce8d1015a2b8;doubletest.output;false;false
ce8d1015a2b8;drm-get-put.output;true;false
ce8d1015a2b8;eno.output;true;false
ce8d1015a2b8;err_cast.output;true;false
ce8d1015a2b8;fen.output;true;false
ce8d1015a2b8;flags.output;false;false
ce8d1015a2b8;ifaddr.output;false;false
ce8d1015a2b8;ifcol.output;false;false
ce8d1015a2b8;ifnullfree.output;true;false
ce8d1015a2b8;iounmap.output;false;false
ce8d1015a2b8;irqf_oneshot.output;true;false
ce8d1015a2b8;itnull.output;true;true
ce8d1015a2b8;kfree.output;false;false
ce8d1015a2b8;kfreeaddr.output;false;false
ce8d1015a2b8;kmerr.output;false;false
ce8d1015a2b8;kstrdup.output;true;false
ce8d1015a2b8;list_entry_update.output;false;false
ce8d1015a2b8;memdup.output;true;false
ce8d1015a2b8;memdup_user.output;true;true
ce8d1015a2b8;mini_lock.output;false;false
ce8d1015a2b8;noderef.output;true;false
ce8d1015a2b8;odd_ptr_err.output;true;false
ce8d1015a2b8;of_table.output;true;false
ce8d1015a2b8;orplus.output;false;false
ce8d1015a2b8;pci_free_consistent.output;false;false
ce8d1015a2b8;platform_no_drv_owner.output;true;false
ce8d1015a2b8;pm_runtime.output;false;false
ce8d1015a2b8;pool_zalloc-simple.output;true;false
ce8d1015a2b8;ptr_ret.output;true;false
ce8d1015a2b8;resource_size.output;true;false
ce8d1015a2b8;returnvar.output;true;false
ce8d1015a2b8;semicolon.output;true;false
ce8d1015a2b8;simple_open.output;true;false
ce8d1015a2b8;unsigned_lesser_than_zero.output;false;false
ce8d1015a2b8;use_after_iter.output;false;false
ce8d1015a2b8;vma_pages.output;true;false
ce8d1015a2b8;warn.output;true;false
ce8d1015a2b8;zalloc-simple.output;true;false
e71ff89c712c;alloc_cast.output;true;false
e71ff89c712c;array_size.output;true;false
e71ff89c712c;badty.output;true;false
e71ff89c712c;badzero.output;true;false
e71ff89c712c;boolconv.output;false;false
e71ff89c712c;boolinit.output;true;false
e71ff89c712c;boolreturn.output;true;false
e71ff89c712c;bugon.output;true;false
e71ff89c712c;call_kern.output;true;false
e71ff89c712c;clk_put.output;false;false
e71ff89c712c;cond_no_effect.output;false;false
e71ff89c712c;cstptr.output;false;false
e71ff89c712c;d_find_alias.output;true;false
e71ff89c712c;debugfs_simple_attr.output;true;false
e71ff89c712c;deref_null.output;false;false
e71ff89c712c;device_node_continue.output;true;false
e71ff89c712c;devm_free.output;false;false
e71ff89c712c;double_lock.output;false;false
e71ff89c712c;doublebitand.output;false;false
e71ff89c712c;doubleinit.output;false;false
e71ff89c712c;doubletest.output;false;false
e71ff89c712c;eno.output;true;false
e71ff89c712c;err_cast.output;true;false
e71ff89c712c;fen.output;true;false
e71ff89c712c;flags.output;false;false
e71ff89c712c;ifaddr.output;false;false
e71ff89c712c;ifcol.output;false;false
e71ff89c712c;ifnullfree.output;true;false
e71ff89c712c;iounmap.output;false;false
e71ff89c712c;irqf_oneshot.output;true;false
e71ff89c712c;itnull.output;true;true
e71ff89c712c;kfree.output;false;false
e71ff89c712c;kfreeaddr.output;false;false
e71ff89c712c;kmerr.output;false;false
e71ff89c712c;kstrdup.output;true;false
e71ff89c712c;kzalloc-simple.output;true;false
e71ff89c712c;list_entry_update.output;false;false
e71ff89c712c;memdup.output;true;false
e71ff89c712c;memdup_user.output;true;true
e71ff89c712c;mini_lock.output;false;false
e71ff89c712c;noderef.output;true;false
e71ff89c712c;odd_ptr_err.output;true;false
e71ff89c712c;of_table.output;true;false
e71ff89c712c;orplus.output;false;false
e71ff89c712c;pci_free_consistent.output;false;false
e71ff89c712c;platform_no_drv_owner.output;true;false
e71ff89c712c;pm_runtime.output;false;false
e71ff89c712c;pool_zalloc-simple.output;true;false
e71ff89c712c;ptr_ret.output;true;false
e71ff89c712c;resource_size.output;true;false
e71ff89c712c;returnvar.output;true;false
e71ff89c712c;semicolon.output;true;false
e71ff89c712c;setup_timer.output;true;false
e71ff89c712c;simple_open.output;true;false
e71ff89c712c;unsigned_lesser_than_zero.output;false;false
e71ff89c712c;use_after_iter.output;false;false
e71ff89c712c;vma_pages.output;true;false
e71ff89c712c;warn.output;true;false
ec663d967b22;alloc_cast.output;true;false
ec663d967b22;array_size.output;true;false
ec663d967b22;badty.output;true;false
ec663d967b22;badzero.output;true;true
ec663d967b22;boolconv.output;false;false
ec663d967b22;boolinit.output;true;false
ec663d967b22;boolreturn.output;true;false
ec663d967b22;bugon.output;true;false
ec663d967b22;call_kern.output;true;false
ec663d967b22;clk_put.output;false;false
ec663d967b22;cond_no_effect.output;false;false
ec663d967b22;cstptr.output;false;false
ec663d967b22;d_find_alias.output;true;false
ec663d967b22;debugfs_simple_attr.output;true;false
ec663d967b22;deref_null.output;false;false
ec663d967b22;device_node_continue.output;true;false
ec663d967b22;devm_free.output;false;false
ec663d967b22;double_lock.output;false;false
ec663d967b22;doublebitand.output;false;false
ec663d967b22;doubleinit.output;false;false
ec663d967b22;doubletest.output;false;false
ec663d967b22;eno.output;true;false
ec663d967b22;err_cast.output;true;false
ec663d967b22;fen.output;true;false
ec663d967b22;flags.output;false;false
ec663d967b22;ifaddr.output;false;false
ec663d967b22;ifcol.output;false;false
ec663d967b22;ifnullfree.output;true;false
ec663d967b22;iounmap.output;false;false
ec663d967b22;irqf_oneshot.output;true;false
ec663d967b22;itnull.output;true;true
ec663d967b22;kfree.output;false;false
ec663d967b22;kfreeaddr.output;false;false
ec663d967b22;kmerr.output;false;false
ec663d967b22;kstrdup.output;true;false
ec663d967b22;kzalloc-simple.output;true;false
ec663d967b22;list_entry_update.output;false;false
ec663d967b22;memdup.output;true;false
ec663d967b22;memdup_user.output;true;true
ec663d967b22;mini_lock.output;false;false
ec663d967b22;noderef.output;true;false
ec663d967b22;odd_ptr_err.output;true;false
ec663d967b22;of_table.output;true;false
ec663d967b22;orplus.output;false;false
ec663d967b22;pci_free_consistent.output;false;false
ec663d967b22;platform_no_drv_owner.output;true;false
ec663d967b22;pm_runtime.output;false;false
ec663d967b22;pool_zalloc-simple.output;true;false
ec663d967b22;ptr_ret.output;true;false
ec663d967b22;resource_size.output;true;false
ec663d967b22;returnvar.output;true;false
ec663d967b22;semicolon.output;true;false
ec663d967b22;setup_timer.output;true;false
ec663d967b22;simple_open.output;true;false
ec663d967b22;unsigned_lesser_than_zero.output;false;false
ec663d967b22;use_after_iter.output;false;false
ec663d967b22;vma_pages.output;true;false
ec663d967b22;warn.output;true;false
